art_name,sone_name
张靓颖,故长安
张靓颖,不惜时光
张靓颖,最可爱的人
张靓颖,一圈
张靓颖,绽放美妙惊喜
张靓颖,骄傲飞翔
张靓颖,星途
张靓颖,One World，One Dream
张靓颖,有多少爱可以重来
张靓颖,Body First
张靓颖,Pull Me Up
张靓颖,Battlefield
张靓颖,808
张靓颖,Work For It
张靓颖,Fighting Shadows
张靓颖,Think Like a Man
张靓颖,Black Market
张靓颖,Dust My Shoulders Off
张靓颖,Adam and Eve
张靓颖,Roll the Dice
张靓颖,Lady Killer
张靓颖,Angels and Harmony
张靓颖,Love Story
张靓颖,Balance me out
张靓颖,最初的爱
张靓颖,破晓以后
张靓颖,画心
张靓颖,亿声祝福
张靓颖,画心Ⅱ
张靓颖,Dance Medley
张靓颖,旗开得胜
张靓颖,暗恋
张靓颖,点亮未来
张靓颖,无字碑
张靓颖,海风吹
张靓颖,中国节拍·震动世界
张靓颖,花开的声音
张靓颖,那不会是爱吧
张靓颖,黑夜里的光
张靓颖,是我
张靓颖,我的音乐让我说
张靓颖,为难
张靓颖,靠近你
张靓颖,Sunshine Alike
张靓颖,孩子的眼睛
张靓颖,我的路
张靓颖,芝罘岛
张靓颖,只是没有如果
张靓颖,Dust My Shoulders Off
张靓颖,双生焰
张靓颖,来不及说爱你
张靓颖,心电感应808
张靓颖,光芒
张靓颖,To Be Loved
张靓颖,逆时针
张靓颖,念念不忘
张靓颖,Be Here
张靓颖,Could You Stay With Me
张靓颖,瞬间倾心恒久钟情
张靓颖,Writing’s On The Wall
张靓颖,依赖
张靓颖,Could You Stay With Me
张靓颖,十里桃花
张靓颖,Make It Big
张靓颖,做回自己
张靓颖,帮帮忙
张靓颖,Dream Party
张靓颖,给不起的爱
张靓颖,日落大道
张靓颖,我们在一起
张靓颖,我们说好的
张靓颖,G大调的悲伤
张靓颖,Yalta
张靓颖,Your Song
张靓颖,保鲜期
张靓颖,就算
张靓颖,The Winner Takes It All
张靓颖,Goal
张靓颖,Incarnation
张靓颖,童谣
张靓颖,千百度
张靓颖,放轻松
张靓颖,Dear Jane
张靓颖,我走以后
张靓颖,围城
张靓颖,我
张靓颖,沉香
张靓颖,偏星
张靓颖,DUST MY SHOULDERS OFF
张靓颖,Adam and Eve
张靓颖,Lady Killer
张靓颖,Angels and Harmony
张靓颖,他们说
张靓颖,不念
张靓颖,玲珑
张靓颖,转眼一生转身一世
张靓颖,旗开得胜
张靓颖,旗开得胜
张靓颖,U&I
张靓颖,行云流水
张靓颖,我要的
张靓颖,蝴蝶飓风
张靓颖,Change your world中文版
张靓颖,相约世界
张靓颖,燕归巢
张靓颖,女儿国
张靓颖,Can’t Help Falling In Love
张靓颖,I Love This City!
张靓颖,敢为天下先
张靓颖,我的梦
张靓颖,天堂旅行团
张靓颖,Dream It Possible
张靓颖,You Are My Sunshine
张靓颖,贪恋
张靓颖,请让爱情相信你
张靓颖,越爱
张靓颖,我的模样
张靓颖,追爱
张靓颖,出境入境
张靓颖,错就错
张靓颖,为爱疯狂
张靓颖,大胆
张靓颖,有时候
张靓颖,上一章
张靓颖,改变
张靓颖,美丽与勇敢
张靓颖,真爱的味道
张靓颖,无法言喻
张靓颖,未曾相问
张靓颖,未曾相问
张靓颖,身体语言
张靓颖,这该死的爱
张靓颖,Take It Like A Man
张靓颖,如果爱下去
张靓颖,Can’t Take It Back
张靓颖,个人秘密
张靓颖,想你，零点零一分
张靓颖,木脑壳
张靓颖,Girl Of Your Dreams
张靓颖,Midnight， Goodnight
张靓颖,Intro
张靓颖,热
张靓颖,我相信
张靓颖,勇敢爱
张靓颖,就这样好了
张靓颖,I Do
张靓颖,如果这就是爱情
张靓颖,快活
张靓颖,低High
张靓颖,I Don’t Wanna Pray
张靓颖,我们都辜负了爱
张靓颖,需要你
张靓颖,木兰星
张靓颖,朝思暮想
张靓颖,印象西湖雨
张靓颖,这么近那么远
张靓颖,来不及流泪的人
张靓颖,后天
张靓颖,思美人
张靓颖,幻纱之灵
张靓颖,顺流而下
张靓颖,Change Your World
张靓颖,无忘
张靓颖,谁知道
张靓颖,红蔷薇
张靓颖,我不再
张靓颖,我是我的
张靓颖,微笑以后
张靓颖,有没有
张靓颖,永远
张靓颖,书签
张靓颖,Bazaar
张靓颖,说些什么
张靓颖,感觉
张靓颖,第七感
张靓颖,一起
张靓颖,Unwind
张靓颖,Get Out Of My Life
张靓颖,终于等到你
张靓颖,陪你走到底
张靓颖,无华
张靓颖,Heroes
张靓颖,You Ain’t Right
张靓颖,亿声祝福
张靓颖,一心一爱
张靓颖,老地方
张靓颖,她
张靓颖,天书世界
张靓颖,永生永爱
